<?xml version="1.0" encoding="UTF-8"?>
<OfficeApp
  xmlns="http://schemas.microsoft.com/office/appforoffice/1.1"
  xmlns:xsi="http://www.w3.org/2001/XMLSchema-instance"
  xmlns:bt="http://schemas.microsoft.com/office/officeappbasictypes/1.0"
  xmlns:mailappor="http://schemas.microsoft.com/office/mailappversionoverrides/1.0"
  xsi:type="MailApp">
<Id>0859cba4-0f26-51e1-94f4-e5af18b884b3</Id>
<Version>11.1.2</Version>
<ProviderName>MicroStrategy Inc.</ProviderName>
<DefaultLocale>en-US</DefaultLocale>
<DisplayName DefaultValue="Hyper" />
<Description DefaultValue="Boost productivity by bringing Zero-Click Intelligence™ to Microsoft Outlook.">
<Override Locale="de-de" Value="Produktivität steigern durch Zero-Click Intelligence™ in Microsoft Outlook." />
<Override Locale="ko-kr" Value="Microsoft Outlook에 Zero-Click Intelligence™를 도입하여 생산성을 높입니다." />
<Override Locale="es-es" Value="Aumentar la productividad integrando Zero-Click Intelligence™ en Microsoft Outlook." />
<Override Locale="fr-fr" Value="Renforcez votre productivité en ajoutant Zero-Click Intelligence™ à Microsoft Outlook." />
<Override Locale="it-it" Value="Aumenta la produttività estendendo la Zero-Click Intelligence™ a Microsoft Outlook." />
<Override Locale="sv-se" Value="Öka produktiviteten genom att integrera Zero-Click Intelligence™ i Microsoft Outlook." />
<Override Locale="ja-jp" Value="生産性向上のため、Zero-Click Intelligence™をMicrosoft Outlookに組み込み。" />
<Override Locale="pt-pt" Value="Aumente a produtividade levando o Zero-Click Intelligence™ para o Microsoft Outlook." />
<Override Locale="zh-cn" Value="通过将零点击智能 (Zero-Click Intelligence™) 引入 Microsoft Outlook 来提高生产率。" />
<Override Locale="zh-tw" Value="在 Microsoft Outlook 中使用 Zero-Click Intelligence™，提高生產力。" />
<Override Locale="da-dk" Value="Øg produktivitet ved at få Zero-Click Intelligence™ til Microsoft Outlook." />
<Override Locale="nl-nl" Value="Verhoog de productiviteit door Zero-Click Intelligence™ te integreren in Microsoft Outlook." />
<Override Locale="pl-pl" Value="Zwiększ produktywność, dodając do programu Microsoft Outlook rozwiązanie Zero-Click Intelligence™." />
</Description>
<IconUrl DefaultValue="https://env-154146.customer.cloud.microstrategy.com/MicroStrategyLibrary/static/hyper/office/logo-64.png" />
<HighResolutionIconUrl DefaultValue="https://env-154146.customer.cloud.microstrategy.com/MicroStrategyLibrary/static/hyper/office/logo-128.png"/>

<Hosts>
  <Host Name="Mailbox" />
</Hosts>
<Requirements>
  <Sets>
    <Set Name="Mailbox" MinVersion="1.1" />
  </Sets>
</Requirements>
<FormSettings>
  <Form xsi:type="ItemRead">
    <DesktopSettings>
      <SourceLocation DefaultValue="https://env-154146.customer.cloud.microstrategy.com/MicroStrategyLibrary/static/hyper/office/index.html"/>
      <RequestedHeight>250</RequestedHeight>
    </DesktopSettings>
  </Form>
  <Form xsi:type="ItemEdit">
    <DesktopSettings>
      <SourceLocation DefaultValue="https://env-154146.customer.cloud.microstrategy.com/MicroStrategyLibrary/static/hyper/office/index.html"/>
    </DesktopSettings>
  </Form>
</FormSettings>
<Permissions>ReadItem</Permissions>
<Rule xsi:type="RuleCollection" Mode="Or">
  <Rule xsi:type="ItemIs" ItemType="Message" FormType="Read" />
  <Rule xsi:type="ItemIs" ItemType="Appointment" FormType="Read" />
</Rule>
<DisableEntityHighlighting>false</DisableEntityHighlighting>

<VersionOverrides xmlns="http://schemas.microsoft.com/office/mailappversionoverrides" xsi:type="VersionOverridesV1_0">
  <Requirements>
    <bt:Sets DefaultMinVersion="1.3">
      <bt:Set Name="Mailbox" />
    </bt:Sets>
  </Requirements>
  <Hosts>
    <Host xsi:type="MailHost">
      <DesktopFormFactor>
        <FunctionFile resid="homePageUrl" />
        <ExtensionPoint xsi:type="MessageReadCommandSurface">
          <OfficeTab id="TabDefault">
            <Group id="ribbonGroupRead">
              <Label resid="ribbonGroupLabel" />
              <Control xsi:type="Button" id="openTaskPaneButtonRead">
                <Label resid="openTaskPaneButtonLabel" />
                <Tooltip resid="openTaskPaneButtonTooltipDesc" />
                <Supertip>
                  <Title resid="openTaskPaneButtonTooltipTitle" />
                  <Description resid="openTaskPaneButtonTooltipDesc" />
                </Supertip>
                <Icon>
                  <bt:Image size="16" resid="logo16" />
                  <bt:Image size="32" resid="logo32" />
                  <bt:Image size="80" resid="logo80" />
                </Icon>
                <Action xsi:type="ShowTaskpane">
                  <SourceLocation resid="homePageUrl" />
                </Action>
              </Control>
            </Group>
          </OfficeTab>
        </ExtensionPoint>
        <ExtensionPoint xsi:type="MessageComposeCommandSurface">
          <OfficeTab id="TabDefault">
            <Group id="ribbonGroupEdit">
              <Label resid="ribbonGroupLabel" />
              <Control xsi:type="Button" id="openTaskPaneButtonEdit">
                <Label resid="openTaskPaneButtonLabel" />
                <Tooltip resid="openTaskPaneButtonTooltipDesc" />
                <Supertip>
                  <Title resid="openTaskPaneButtonTooltipTitle" />
                  <Description resid="openTaskPaneButtonTooltipDesc" />
                </Supertip>
                <Icon>
                  <bt:Image size="16" resid="logo16" />
                  <bt:Image size="32" resid="logo32" />
                  <bt:Image size="80" resid="logo80" />
                </Icon>
                <Action xsi:type="ShowTaskpane">
                  <SourceLocation resid="homePageUrl" />
                </Action>
              </Control>
            </Group>
          </OfficeTab>
        </ExtensionPoint>
        <ExtensionPoint xsi:type="AppointmentAttendeeCommandSurface">
          <OfficeTab id="TabDefault">
            <Group id="ribbonGroupMeetingRead">
              <Label resid="ribbonGroupLabel" />
              <Control xsi:type="Button" id="openTaskPaneButtonMeetingRead">
                <Label resid="openTaskPaneButtonLabel" />
                <Tooltip resid="openTaskPaneButtonTooltipDesc" />
                <Supertip>
                  <Title resid="openTaskPaneButtonTooltipTitle" />
                  <Description resid="openTaskPaneButtonTooltipDesc" />
                </Supertip>
                <Icon>
                  <bt:Image size="16" resid="logo16" />
                  <bt:Image size="32" resid="logo32" />
                  <bt:Image size="80" resid="logo80" />
                </Icon>
                <Action xsi:type="ShowTaskpane">
                  <SourceLocation resid="homePageUrl" />
                </Action>
              </Control>
            </Group>
          </OfficeTab>
        </ExtensionPoint>
        <ExtensionPoint xsi:type="AppointmentOrganizerCommandSurface">
          <OfficeTab id="TabDefault">
            <Group id="ribbonGroupMeetingEdit">
              <Label resid="ribbonGroupLabel" />
              <Control xsi:type="Button" id="openTaskPaneButtonMeetingEdit">
                <Label resid="openTaskPaneButtonLabel" />
                <Tooltip resid="openTaskPaneButtonTooltipDesc" />
                <Supertip>
                  <Title resid="openTaskPaneButtonTooltipTitle" />
                  <Description resid="openTaskPaneButtonTooltipDesc" />
                </Supertip>
                <Icon>
                  <bt:Image size="16" resid="logo16" />
                  <bt:Image size="32" resid="logo32" />
                  <bt:Image size="80" resid="logo80" />
                </Icon>
                <Action xsi:type="ShowTaskpane">
                  <SourceLocation resid="homePageUrl" />
                </Action>
              </Control>
            </Group>
          </OfficeTab>
        </ExtensionPoint>
      </DesktopFormFactor>
    </Host>
  </Hosts>

  <Resources>
    <bt:Images>
      <bt:Image id="logo16" DefaultValue="https://env-154146.customer.cloud.microstrategy.com/MicroStrategyLibrary/static/hyper/office/logo-16.png"/>
      <bt:Image id="logo32" DefaultValue="https://env-154146.customer.cloud.microstrategy.com/MicroStrategyLibrary/static/hyper/office/logo-32.png"/>
      <bt:Image id="logo80" DefaultValue="https://env-154146.customer.cloud.microstrategy.com/MicroStrategyLibrary/static/hyper/office/logo-80.png"/>
    </bt:Images>
    <bt:Urls>
      <bt:Url id="homePageUrl" DefaultValue="https://env-154146.customer.cloud.microstrategy.com/MicroStrategyLibrary/static/hyper/office/index.html"/>
    </bt:Urls>
    <bt:ShortStrings>
      <bt:String id="ribbonGroupLabel" DefaultValue="MicroStrategy" />
      <bt:String id="openTaskPaneButtonLabel" DefaultValue="Hyper"/>
      <bt:String id="openTaskPaneButtonTooltipTitle" DefaultValue="Hyper" />
    </bt:ShortStrings>
    <bt:LongStrings>
    <bt:String id="openTaskPaneButtonTooltipDesc" DefaultValue="Launch Hyper add-in">
<bt:Override Locale="de-de" Value="Hyper-Add-In starten" />
<bt:Override Locale="ko-kr" Value="Hyper 추가 기능 시작" />
<bt:Override Locale="es-es" Value="Iniciar complemento Hyper" />
<bt:Override Locale="fr-fr" Value="Lancer le complément Hyper" />
<bt:Override Locale="it-it" Value="Avvia il componente aggiuntivo Hyper" />
<bt:Override Locale="sv-se" Value="Starta Hyper-tillägget" />
<bt:Override Locale="ja-jp" Value="Hyperアドインを起動" />
<bt:Override Locale="pt-pt" Value="Iniciar Hyper suplemento" />
<bt:Override Locale="zh-cn" Value="启动 Hyper 加载项" />
<bt:Override Locale="zh-tw" Value="啟動 Hyper 增益集" />
<bt:Override Locale="da-dk" Value="Start Hyper add-in" />
<bt:Override Locale="nl-nl" Value="Invoegtoepassing Hyper starten" />
<bt:Override Locale="pl-pl" Value="Uruchom dodatek Hyper" />
</bt:String>
    </bt:LongStrings>
  </Resources>

  <VersionOverrides xmlns="http://schemas.microsoft.com/office/mailappversionoverrides/1.1" xsi:type="VersionOverridesV1_1">
    <Requirements>
      <bt:Sets DefaultMinVersion="1.3">
        <bt:Set Name="Mailbox" />
      </bt:Sets>
    </Requirements>
    <Hosts>
      <Host xsi:type="MailHost">
        <DesktopFormFactor>
          <FunctionFile resid="homePageUrl" />
          <ExtensionPoint xsi:type="MessageReadCommandSurface">
            <OfficeTab id="TabDefault">
              <Group id="ribbonGroupRead">
                <Label resid="ribbonGroupLabel" />
                <Control xsi:type="Button" id="openTaskPaneButtonRead">
                  <Label resid="openTaskPaneButtonLabel" />
                  <Tooltip resid="openTaskPaneButtonTooltipDesc" />
                  <Supertip>
                    <Title resid="openTaskPaneButtonTooltipTitle" />
                    <Description resid="openTaskPaneButtonTooltipDesc" />
                  </Supertip>
                  <Icon>
                    <bt:Image size="16" resid="logo16" />
                    <bt:Image size="32" resid="logo32" />
                    <bt:Image size="80" resid="logo80" />
                  </Icon>
                  <Action xsi:type="ShowTaskpane">
                    <SourceLocation resid="homePageUrl" />
                    <SupportsPinning>true</SupportsPinning>
                  </Action>
                </Control>
              </Group>
            </OfficeTab>
          </ExtensionPoint>
          <ExtensionPoint xsi:type="MessageComposeCommandSurface">
            <OfficeTab id="TabDefault">
              <Group id="ribbonGroupEdit">
                <Label resid="ribbonGroupLabel" />
                <Control xsi:type="Button" id="openTaskPaneButtonEdit">
                  <Label resid="openTaskPaneButtonLabel" />
                  <Tooltip resid="openTaskPaneButtonTooltipDesc" />
                  <Supertip>
                    <Title resid="openTaskPaneButtonTooltipTitle" />
                    <Description resid="openTaskPaneButtonTooltipDesc" />
                  </Supertip>
                  <Icon>
                    <bt:Image size="16" resid="logo16" />
                    <bt:Image size="32" resid="logo32" />
                    <bt:Image size="80" resid="logo80" />
                  </Icon>
                  <Action xsi:type="ShowTaskpane">
                    <SourceLocation resid="homePageUrl" />
                    <SupportsPinning>true</SupportsPinning>
                  </Action>
                </Control>
              </Group>
            </OfficeTab>
          </ExtensionPoint>
          <ExtensionPoint xsi:type="AppointmentAttendeeCommandSurface">
            <OfficeTab id="TabDefault">
              <Group id="ribbonGroupMeetingRead">
                <Label resid="ribbonGroupLabel" />
                <Control xsi:type="Button" id="openTaskPaneButtonMeetingRead">
                  <Label resid="openTaskPaneButtonLabel" />
                  <Tooltip resid="openTaskPaneButtonTooltipDesc" />
                  <Supertip>
                    <Title resid="openTaskPaneButtonTooltipTitle" />
                    <Description resid="openTaskPaneButtonTooltipDesc" />
                  </Supertip>
                  <Icon>
                    <bt:Image size="16" resid="logo16" />
                    <bt:Image size="32" resid="logo32" />
                    <bt:Image size="80" resid="logo80" />
                  </Icon>
                  <Action xsi:type="ShowTaskpane">
                    <SourceLocation resid="homePageUrl" />
                    <SupportsPinning>true</SupportsPinning>
                  </Action>
                </Control>
              </Group>
            </OfficeTab>
          </ExtensionPoint>
          <ExtensionPoint xsi:type="AppointmentOrganizerCommandSurface">
            <OfficeTab id="TabDefault">
              <Group id="ribbonGroupMeetingEdit">
                <Label resid="ribbonGroupLabel" />
                <Control xsi:type="Button" id="openTaskPaneButtonMeetingEdit">
                  <Label resid="openTaskPaneButtonLabel" />
                  <Tooltip resid="openTaskPaneButtonTooltipDesc" />
                  <Supertip>
                    <Title resid="openTaskPaneButtonTooltipTitle" />
                    <Description resid="openTaskPaneButtonTooltipDesc" />
                  </Supertip>
                  <Icon>
                    <bt:Image size="16" resid="logo16" />
                    <bt:Image size="32" resid="logo32" />
                    <bt:Image size="80" resid="logo80" />
                  </Icon>
                  <Action xsi:type="ShowTaskpane">
                    <SourceLocation resid="homePageUrl" />
                    <SupportsPinning>true</SupportsPinning>
                  </Action>
                </Control>
              </Group>
            </OfficeTab>
          </ExtensionPoint>
        </DesktopFormFactor>
      </Host>
    </Hosts>

    <Resources>
      <bt:Images>
        <bt:Image id="logo16" DefaultValue="https://env-154146.customer.cloud.microstrategy.com/MicroStrategyLibrary/static/hyper/office/logo-16.png"/>
        <bt:Image id="logo32" DefaultValue="https://env-154146.customer.cloud.microstrategy.com/MicroStrategyLibrary/static/hyper/office/logo-32.png"/>
        <bt:Image id="logo80" DefaultValue="https://env-154146.customer.cloud.microstrategy.com/MicroStrategyLibrary/static/hyper/office/logo-80.png"/>
      </bt:Images>
      <bt:Urls>
        <bt:Url id="homePageUrl" DefaultValue="https://env-154146.customer.cloud.microstrategy.com/MicroStrategyLibrary/static/hyper/office/index.html"/>
      </bt:Urls>
      <bt:ShortStrings>
        <bt:String id="ribbonGroupLabel" DefaultValue="MicroStrategy" />
        <bt:String id="openTaskPaneButtonLabel" DefaultValue="Hyper"/>
        <bt:String id="openTaskPaneButtonTooltipTitle" DefaultValue="Hyper" />
      </bt:ShortStrings>
      <bt:LongStrings>
      <bt:String id="openTaskPaneButtonTooltipDesc" DefaultValue="Launch Hyper add-in">
<bt:Override Locale="de-de" Value="Hyper-Add-In starten" />
<bt:Override Locale="ko-kr" Value="Hyper 추가 기능 시작" />
<bt:Override Locale="es-es" Value="Iniciar complemento Hyper" />
<bt:Override Locale="fr-fr" Value="Lancer le complément Hyper" />
<bt:Override Locale="it-it" Value="Avvia il componente aggiuntivo Hyper" />
<bt:Override Locale="sv-se" Value="Starta Hyper-tillägget" />
<bt:Override Locale="ja-jp" Value="Hyperアドインを起動" />
<bt:Override Locale="pt-pt" Value="Iniciar Hyper suplemento" />
<bt:Override Locale="zh-cn" Value="启动 Hyper 加载项" />
<bt:Override Locale="zh-tw" Value="啟動 Hyper 增益集" />
<bt:Override Locale="da-dk" Value="Start Hyper add-in" />
<bt:Override Locale="nl-nl" Value="Invoegtoepassing Hyper starten" />
<bt:Override Locale="pl-pl" Value="Uruchom dodatek Hyper" />
</bt:String>
      </bt:LongStrings>
    </Resources>
  </VersionOverrides>
</VersionOverrides>
</OfficeApp>
  